{
  "generated_at": "2026-02-19T20:17:25.824019+00:00",
  "window_days": 90,
  "kpis": {
    "deployment_frequency_per_week": 0.23333333333333334,
    "lead_time_avg_hours": 0.35416666666666663,
    "change_failure_rate": 1.0,
    "mttr_avg_hours": 0.67375
  }
}